{"loss": [1.3136630058288574, 0.4408795237541199, 0.2619110345840454, 0.18486148118972778, 0.1353786587715149, 0.1036328598856926, 0.08900172263383865, 0.07385119050741196, 0.064073346555233, 0.0572538785636425], "accuracy": [0.6126324534416199, 0.8612134456634521, 0.9153851866722107, 0.9394978284835815, 0.9553595781326294, 0.9659719467163086, 0.9718614220619202, 0.9764421582221985, 0.9790881276130676, 0.9812646508216858], "val_loss": [0.48673754930496216, 0.2666267156600952, 0.2655636966228485, 0.17422017455101013, 0.16692139208316803, 0.1123247742652893, 0.14205704629421234, 0.14710769057273865, 0.1191226914525032, 0.10919593274593353], "val_accuracy": [0.8452652096748352, 0.9131003618240356, 0.9170839786529541, 0.9460505247116089, 0.9480992555618286, 0.9658547639846802, 0.9560664892196655, 0.954359233379364, 0.9646596908569336, 0.9683018326759338]}